Raw_Accel_X,Raw_Accel_Y,Raw_Accel_Z,Raw_Gyro_x, Raw_Gyro_y, Raw_Gyro_z, Raw_Magnet_x, Raw_Magnet_y, Raw_Magnet_z, |procd|, Net G Force,AccelAngles_rx,AccelAngles_ry,AccelAngles_rz,GyroAngles_rx,GyroAngles_ry,GyroAngles_rz,MagnetAngles_rx,MagnetAngles_ry,MagnetAngles_rz,AccelAngleDelta_rx,AccelAngleDelta_ry,AccelAngleDelta_rz, 
MagnetAngleDelta_rx,MagnetAngleDelta_rx,MagnetAngleDelta_rx, 
Raw_Accel_X,Raw_Accel_Y,Raw_Accel_Z,Raw_Gyro_x, Raw_Gyro_y, Raw_Gyro_z, Raw_Magnet_x, Raw_Magnet_y, Raw_Magnet_z, |procd|, Net G Force,AccelAngles_rx,AccelAngles_ry,AccelAngles_rz,GyroAngles_rx,GyroAngles_ry,GyroAngles_rz,MagnetAngles_rx,MagnetAngles_ry,MagnetAngles_rz,AccelAngleDelta_rx,AccelAngleDelta_ry,AccelAngleDelta_rz, 
MagnetAngleDelta_rx,MagnetAngleDelta_rx,MagnetAngleDelta_rx, 
Raw_Accel_X,Raw_Accel_Y,Raw_Accel_Z,Raw_Gyro_x, Raw_Gyro_y, Raw_Gyro_z, Raw_Magnet_x, Raw_Magnet_y, Raw_Magnet_z, |procd|, Net G Force,AccelAngles_rx,AccelAngles_ry,AccelAngles_rz,GyroAngles_rx,GyroAngles_ry,GyroAngles_rz,MagnetAngles_rx,MagnetAngles_ry,MagnetAngles_rz,AccelAngleDelta_rx,AccelAngleDelta_ry,AccelAngleDelta_rz, 
MagnetAngleDelta_rx,MagnetAngleDelta_rx,MagnetAngleDelta_rx, 
Raw_Accel_X,Raw_Accel_Y,Raw_Accel_Z,Raw_Gyro_x, Raw_Gyro_y, Raw_Gyro_z, Raw_Magnet_x, Raw_Magnet_y, Raw_Magnet_z, |procd|, Net G Force,AccelAngles_rx,AccelAngles_ry,AccelAngles_rz,GyroAngles_rx,GyroAngles_ry,GyroAngles_rz,MagnetAngles_rx,MagnetAngles_ry,MagnetAngles_rz,AccelAngleDelta_rx,AccelAngleDelta_ry,AccelAngleDelta_rz, 
MagnetAngleDelta_rx,MagnetAngleDelta_rx,MagnetAngleDelta_rx, 
Raw_Accel_X,Raw_Accel_Y,Raw_Accel_Z,Raw_Gyro_x, Raw_Gyro_y, Raw_Gyro_z, Raw_Magnet_x, Raw_Magnet_y, Raw_Magnet_z, |procd|, Net G Force,AccelAngles_rx,AccelAngles_ry,AccelAngles_rz,GyroAngles_rx,GyroAngles_ry,GyroAngles_rz,MagnetAngles_rx,MagnetAngles_ry,MagnetAngles_rz,AccelAngleDelta_rx,AccelAngleDelta_ry,AccelAngleDelta_rz, 
MagnetAngleDelta_rx,MagnetAngleDelta_rx,MagnetAngleDelta_rx, 
Raw_Accel_X,Raw_Accel_Y,Raw_Accel_Z,Raw_Gyro_x, Raw_Gyro_y, Raw_Gyro_z, Raw_Magnet_x, Raw_Magnet_y, Raw_Magnet_z, |procd|, Net G Force,AccelAngles_rx,AccelAngles_ry,AccelAngles_rz,GyroAngles_rx,GyroAngles_ry,GyroAngles_rz,MagnetAngles_rx,MagnetAngles_ry,MagnetAngles_rz,AccelAngleDelta_rx,AccelAngleDelta_ry,AccelAngleDelta_rz, 
MagnetAngleDelta_rx,MagnetAngleDelta_rx,MagnetAngleDelta_rx, 
Raw_Accel_X,Raw_Accel_Y,Raw_Accel_Z,Raw_Gyro_x, Raw_Gyro_y, Raw_Gyro_z, Raw_Magnet_x, Raw_Magnet_y, Raw_Magnet_z, |procd|, Net G Force,AccelAngles_rx,AccelAngles_ry,AccelAngles_rz,GyroAngles_rx,GyroAngles_ry,GyroAngles_rz,MagnetAngles_rx,MagnetAngles_ry,MagnetAngles_rz,AccelAngleDelta_rx,AccelAngleDelta_ry,AccelAngleDelta_rz, 
MagnetAngleDelta_rx,MagnetAngleDelta_rx,MagnetAngleDelta_rx, 
